tail_number,airline,livery_name,description
N248AK,Alaska Airlines,Boeing 100 Years Strong,Boeing 737-900ER | https://www.jetphotos.com/registration/N248AK
N265AK,Alaska Airlines,Honoring Those Who Serve (2016),Boeing 737-900ER | https://www.jetphotos.com/registration/N265AK
N280AK,Alaska Airlines,Kevin Durant Photo,Boeing 737-900ER | https://www.jetphotos.com/registration/N280AK
N296AK,Alaska Airlines,Chief Football Officer / Russell Wilson,Boeing 737-900ER | https://www.jetphotos.com/registration/N296AK
N318AS,Alaska Airlines,We’re Going to Disneyland Resort,Boeing 737-900 | https://www.jetphotos.com/registration/N318AS
N403AS,Alaska Airlines,Spirit of Education,Boeing 737-900ER | https://www.jetphotos.com/registration/N403AS
N453AS,Alaska Airlines,Go Russell! Champions Never Rest,Boeing 737-900ER | https://www.jetphotos.com/registration/N453AS
N486AS,Alaska Airlines,oneworld Livery,Boeing 737-900ER | https://www.jetphotos.com/registration/N486AS
N491AS,Alaska Airlines,oneworld Livery,Boeing 737-900ER | https://www.jetphotos.com/registration/N491AS
N492AS,Alaska Airlines,Our Commitment / UNCF,Boeing 737-900ER | https://www.jetphotos.com/registration/N492AS
N493AS,Alaska Airlines,More to Love / Virgin America Merger,Boeing 737-900ER | https://www.jetphotos.com/registration/N493AS
N512AS,Alaska Airlines,Spirit of Seattle / Dreamliner Colors,Boeing 737-800 | https://www.jetphotos.com/registration/N512AS
N519AS,Alaska Airlines,Disney-Pixar Incredibles 2,Boeing 737-800 | https://www.jetphotos.com/registration/N519AS
N537AS,Alaska Airlines,Pixar Pier - Follow us to Disneyland Resort,Boeing 737-800 | https://www.jetphotos.com/registration/N537AS
N538AS,Alaska Airlines,Disneyland Resort Star Wars Galaxy’s Edge,Boeing 737-800 | https://www.jetphotos.com/registration/N538AS
N548AS,Alaska Airlines,Fly & Ski Snowbird,Boeing 737-800 | https://www.jetphotos.com/registration/N548AS
N559AS,Alaska Airlines,Salmon Thirty Salmon II,Boeing 737-800 | https://www.jetphotos.com/registration/N559AS
N559AS,Alaska Airlines,Xáat Kwáani / Salmon People Livery,Boeing 737-800 | https://www.jetphotos.com/registration/N559AS
N560AS,Alaska Airlines,Spirit of the Islands,Boeing 737-800 | https://www.jetphotos.com/registration/N560AS
N562AS,Alaska Airlines,Hawaiian Lei Tail,Boeing 737-800 | https://www.jetphotos.com/registration/N562AS
N565AS,Alaska Airlines,Mickey’s Toontown Express - Follow us to Disneyland,Boeing 737-800 | https://www.jetphotos.com/registration/N565AS
N568AS,Alaska Airlines,Employee Powered,Boeing 737-800 | https://www.jetphotos.com/registration/N568AS
N569AS,Alaska Airlines,Starliner 75 Retrojet,Boeing 737-800 | https://www.jetphotos.com/registration/N569AS
N570AS,Alaska Airlines,Follow us to Disneyland - Cars Land,Boeing 737-800 | https://www.jetphotos.com/registration/N570AS
N570AS,Alaska Airlines,Honoring Those Who Serve (2019),Boeing 737-800 | https://www.jetphotos.com/registration/N570AS
N584AS,Alaska Airlines,Hawaiian Lei Tail,Boeing 737-800 | https://www.jetphotos.com/registration/N584AS
N589AS,Alaska Airlines,Disney Pixar Toy Story 4,Boeing 737-800 | https://www.jetphotos.com/registration/N589AS
N592AS,Alaska Airlines,Hawaiian Lei Tail,Boeing 737-800 | https://www.jetphotos.com/registration/N592AS
N596AS,Alaska Airlines,Tiana’s Bayou Adventure Flyer,Boeing 737-800 | https://www.jetphotos.com/registration/N596AS
N806AK,Alaska Airlines,Honoring Those Who Serve (2024),Boeing 737-8 MAX | https://www.jetphotos.com/registration/N806AK
N854VA,Alaska Airlines,Pride in the Skies / Fly with Pride,Airbus A320 | https://www.jetphotos.com/registration/N854VA
N913AK,Alaska Airlines,The Gift of Travel,Boeing 737-9 MAX | https://www.jetphotos.com/registration/N913AK
N915AK,Alaska Airlines,Seattle Kraken,Boeing 737-9 MAX | https://www.jetphotos.com/registration/N915AK
N924VA,Alaska Airlines,San Francisco Giants Logojet,Airbus A321neo | https://www.jetphotos.com/registration/N924VA
N926VA,Alaska Airlines,More to Love,Airbus A321neo | https://www.jetphotos.com/registration/N926VA
N927VA,Alaska Airlines,More to Love,Airbus A321neo | https://www.jetphotos.com/registration/N927VA
N932AK,Alaska Airlines,West Coast Wonders,Boeing 737-9 MAX | https://www.jetphotos.com/registration/N932AK
N933AK,Alaska Airlines,Seattle Kraken,Boeing 737-9 MAX | https://www.jetphotos.com/registration/N933AK
N936AK,Alaska Airlines,Lou Seal / San Francisco Giants,Boeing 737-9 MAX | https://www.jetphotos.com/registration/N936AK
N162AA,American Airlines,Stand Up To Cancer,Airbus A321 | https://www.jetphotos.com/registration/N162AA
N167AN,American Airlines,Flagship Valor,Airbus A321 | https://www.jetphotos.com/registration/N167AN
N174AA,American Airlines,oneworld Livery,Boeing 757-200 | https://www.jetphotos.com/registration/N174AA
N343AN,American Airlines,oneworld Livery,Boeing 767-300ER | https://www.jetphotos.com/registration/N343AN
N395AN,American Airlines,oneworld Livery,Boeing 767-300ER | https://www.jetphotos.com/registration/N395AN
N578UW,American Airlines,US Airways Heritage Livery,Airbus A321 | https://www.jetphotos.com/registration/N578UW
N579UW,American Airlines,Allegheny Heritage Livery,Airbus A321 | https://www.jetphotos.com/registration/N579UW
N580UW,American Airlines,America West Heritage Livery,Airbus A321 | https://www.jetphotos.com/registration/N580UW
N581UW,American Airlines,Piedmont Heritage Livery,Airbus A321 | https://www.jetphotos.com/registration/N581UW
N582UW,American Airlines,PSA Heritage Livery,Airbus A321 | https://www.jetphotos.com/registration/N582UW
N735AT,American Airlines,Flagship DFW,Boeing 777-300ER | https://www.jetphotos.com/registration/N735AT
N791AN,American Airlines,oneworld Livery,Boeing 777-200ER | https://www.jetphotos.com/registration/N791AN
N796AN,American Airlines,oneworld Livery,Boeing 777-200ER | https://www.jetphotos.com/registration/N796AN
N837NN,American Airlines,oneworld Livery,Boeing 737-800 | https://www.jetphotos.com/registration/N837NN
N838NN,American Airlines,oneworld Livery,Boeing 737-800 | https://www.jetphotos.com/registration/N838NN
N915NN,American Airlines,TWA Heritage Livery,Boeing 737-800 | https://www.jetphotos.com/registration/N915NN
N916NN,American Airlines,Reno Air Heritage Livery,Boeing 737-800 | https://www.jetphotos.com/registration/N916NN
N917NN,American Airlines,AirCal Heritage Livery,Boeing 737-800 | https://www.jetphotos.com/registration/N917NN
N919NN,American Airlines,oneworld Livery,Boeing 737-800 | https://www.jetphotos.com/registration/N919NN
N921NN,American Airlines,Bare Metal Livery,Boeing 737-800 | https://www.jetphotos.com/registration/N921NN
N951AA,American Airlines,Astrojet Retro Livery,Boeing 737-800 | https://www.jetphotos.com/registration/N951AA
N3758Y,Delta Air Lines,SkyTeam Livery,Boeing 737-800 | https://www.jetphotos.com/registration/N3758Y
N3761R,Delta Air Lines,SkyTeam Livery,Boeing 737-800 | https://www.jetphotos.com/registration/N3761R
N381DN,Delta Air Lines,SkyTeam Livery,Boeing 737-800 | https://www.jetphotos.com/registration/N381DN
N391DN,Delta Air Lines,Thank You Plane,Airbus A321 | https://www.jetphotos.com/registration/N391DN
N411DX,Delta Air Lines,Team USA / Beijing 2022 Livery,Airbus A330-900neo | https://www.jetphotos.com/registration/N411DX
N521DN,Delta Air Lines,Team USA / Paris 2024 Livery,Airbus A350-900 | https://www.jetphotos.com/registration/N521DN
N522DZ,Delta Air Lines,Team USA / LA28 Livery,Airbus A350-900 | https://www.jetphotos.com/registration/N522DZ
N527DN,Delta Air Lines,100 Years Livery,Airbus A350-900 | https://www.jetphotos.com/registration/N527DN
N531DN,Delta Air Lines,Team USA / Milano Cortina 2026 Livery,Airbus A350-900 | https://www.jetphotos.com/registration/N531DN
N589DT,Delta Air Lines,100 Years Livery,Airbus A321neo | https://www.jetphotos.com/registration/N589DT
N844MH,Delta Air Lines,SkyTeam Livery,Boeing 767-400ER | https://www.jetphotos.com/registration/N844MH
N845MH,Delta Air Lines,Breast Cancer Research Foundation / Pink Delta,Boeing 767-400ER | https://www.jetphotos.com/registration/N845MH
N304JB,JetBlue,Blueprint Livery,Embraer 190 | https://www.jetphotos.com/registration/N304JB
N510JB,JetBlue,DIRECTV On Board,Airbus A320 | https://www.jetphotos.com/registration/N510JB
N531JL,JetBlue,Blue Finest,Airbus A321 | https://www.jetphotos.com/registration/N531JL
N537JT,JetBlue,Wicked Blue,Airbus A321 | https://www.jetphotos.com/registration/N537JT
N561JB,JetBlue,Cloudtop Cruiser,Airbus A320 | https://www.jetphotos.com/registration/N561JB
N569JB,JetBlue,10th Anniversary,Airbus A320 | https://www.jetphotos.com/registration/N569JB
N586JB,JetBlue,I ♥ Blue York,Airbus A320 | https://www.jetphotos.com/registration/N586JB
N595JB,JetBlue,Lucky Blue / Boston Celtics,Airbus A320 | https://www.jetphotos.com/registration/N595JB
N598JB,JetBlue,Bluemanity / 15th Anniversary,Airbus A321 | https://www.jetphotos.com/registration/N598JB
N605JB,JetBlue,Blue Monster / Boston Red Sox,Airbus A320 | https://www.jetphotos.com/registration/N605JB
N615JB,JetBlue,Blue Bravest,Airbus A320 | https://www.jetphotos.com/registration/N615JB
N623JB,JetBlue,JetBlue Vacations,Airbus A320 | https://www.jetphotos.com/registration/N623JB
N632JB,JetBlue,Bear Force One,Airbus A320 | https://www.jetphotos.com/registration/N632JB
N633JB,JetBlue,BK Blue,Airbus A320 | https://www.jetphotos.com/registration/N633JB
N643JB,JetBlue,Brewing Altitude,Airbus A320 | https://www.jetphotos.com/registration/N643JB
N648JB,JetBlue,JetBlue Vacations,Airbus A320 | https://www.jetphotos.com/registration/N648JB
N651JB,JetBlue,Yahoo! BlackBerry,Airbus A320 | https://www.jetphotos.com/registration/N651JB
N655JB,JetBlue,Blue 100,Airbus A320 | https://www.jetphotos.com/registration/N655JB
N657JB,JetBlue,Yo Soy Boricua,Airbus A320 | https://www.jetphotos.com/registration/N657JB
N658JB,JetBlue,Woo-Hoo JetBlue,Airbus A320 | https://www.jetphotos.com/registration/N658JB
N706JB,JetBlue,This Peacock Can Fly,Airbus A320 | https://www.jetphotos.com/registration/N706JB
N709JB,JetBlue,Fly-Fi / Exede Internet,Airbus A320 | https://www.jetphotos.com/registration/N709JB
N746JB,JetBlue,New York Jets,Airbus A320 | https://www.jetphotos.com/registration/N746JB
N746JB,JetBlue,New York Jets Logojet,Airbus A320 | https://www.jetphotos.com/registration/N746JB
N746JB,JetBlue,New York Jets Updated Logojet,Airbus A320 | https://www.jetphotos.com/registration/N746JB
N763JB,JetBlue,What’s Old is Blue Again,Airbus A320 | https://www.jetphotos.com/registration/N763JB
N775JB,JetBlue,Vets in Blue (2014),Airbus A320 | https://www.jetphotos.com/registration/N775JB
N775JB,JetBlue,Vets in Blue (2022),Airbus A320 | https://www.jetphotos.com/registration/N775JB
N779JB,JetBlue,Bluericua,Airbus A320 | https://www.jetphotos.com/registration/N779JB
N779JB,JetBlue,Real Salt Lake,Airbus A320 | https://www.jetphotos.com/registration/N779JB
N809JB,JetBlue,JetBlue for Good,Airbus A320 | https://www.jetphotos.com/registration/N809JB
N970JB,JetBlue,BlueUnity Tailfin,Airbus A321 | https://www.jetphotos.com/registration/N970JB
N14102,United Airlines,Her Art Here / New York-New Jersey,Boeing 757-200 | https://www.jetphotos.com/registration/N14102
N14106,United Airlines,Her Art Here / California,Boeing 757-200 | https://www.jetphotos.com/registration/N14106
N24988,United Airlines,The Future is SAF,Boeing 787-9 | https://www.jetphotos.com/registration/N24988
N44550,United Airlines,100 Years Anniversary Marking,Airbus A321neo | https://www.jetphotos.com/registration/N44550
N475UA,United Airlines,Friend Ship / Stars and Bars Retro Livery,Airbus A320 | https://www.jetphotos.com/registration/N475UA
N75435,United Airlines,Continental Heritage Livery,Boeing 737-900ER | https://www.jetphotos.com/registration/N75435
